year,week,precipitation_mm_per_day
2013,1,-6.652304104396276e-07
2013,2,-1.596552985055106e-06
2013,3,-1.1974147387913296e-06
2013,4,0.00282433257440579
2013,5,3.991382462637765e-07
2013,6,-1.4635069029671804e-06
2013,7,-2.66092164175851e-07
2013,8,-2.66092164175851e-07
2013,9,-1.862645149230957e-06
2013,10,-1.596552985055106e-06
2013,11,7.525506548415309e-05
2013,12,2.66092164175851e-07
2013,13,6.652304104396276e-07
2013,14,-6.652304104396276e-07
2013,15,0.008787089179183439
2013,16,1.0698054331287092
2013,17,0.060001838681542664
2013,18,0.10795565905577018
2013,19,0.014803612740117544
2013,20,0.078832763328887
2013,21,0.1653003877490993
2013,22,0.24173841496607268
2013,23,0.273797196571839
2013,24,0.23753898577731972
2013,25,0.3972125185985016
2013,26,2.9822326636403957
2013,27,1.601613451140865
2013,28,0.7053249513258925
2013,29,1.1989484450086647
2013,30,0.6607286375305401
2013,31,3.57179324560447
2013,32,8.44474774633621
2013,33,4.194472935097404
2013,34,2.8689335448139883
2013,35,1.6820391261936134
2013,36,1.1644877976548842
2013,37,1.31635129087625
2013,38,0.4165273155074049
2013,39,0.6449340742296137
2013,40,0.044818155299452204
2013,41,0.7869859242387001
2013,42,0.006832749603834237
2013,43,-7.98276492527553e-07
2013,44,-5.32184328351702e-07
2013,45,2.66092164175851e-07
2013,46,1.330460820879255e-07
2013,47,-7.98276492527553e-07
2013,48,-1.4635069029671804e-06
2013,49,-6.652304104396276e-07
2013,50,9.313225746154785e-07
2013,51,5.32184328351702e-07
2013,52,2.0954757928848267e-06
2014,1,0.05699592621478785
2014,2,-6.652304104396276e-07
2014,3,0.038288442656061634
2014,4,0.0001355202723864018
2014,5,0.02207413997342428
2014,6,0.06890543654822441
2014,7,-9.313225746154785e-07
2014,8,-6.652304104396276e-07
2014,9,-1.3304608208792551e-06
2014,10,-1.064368656703404e-06
2014,11,0.0
2014,12,2.927013805934361e-06
2014,13,0.0024879500643352043
2014,14,-2.128737313406808e-06
2014,15,0.0007631079781623161
2014,16,0.00046868400092710656
2014,17,0.24848014471076757
2014,18,0.309559696337632
2014,19,0.26691728563311806
2014,20,0.05774532110992795
2014,21,0.03845457052975363
2014,22,0.21817025151990857
2014,23,0.36446857301140184
2014,24,0.33773596218803525
2014,25,0.10303697341068026
2014,26,0.22402261488867875
2014,27,0.4450407784833642
2014,28,1.0235214274479307
2014,29,1.2153009078780515
2014,30,1.6498963434930722
2014,31,10.739600572987175
2014,32,2.6520901338610465
2014,33,6.858133801952339
2014,34,2.0136291856753816
2014,35,1.5213493057024792
2014,36,0.5230159407719605
2014,37,0.4023324329415353
2014,38,0.4485732173187697
2014,39,0.3018593952470541
2014,40,0.048415058462840825
2014,41,0.004505297463191195
2014,42,0.007831993370426595
2014,43,-2.66092164175851e-07
2014,44,-1.3304608208792551e-06
2014,45,0.00019124557350512196
2014,46,-1.1974147387913296e-06
2014,47,-6.652304104396276e-07
2014,48,7.98276492527553e-07
2014,49,-2.6609216417585102e-06
2014,50,1.596552985055106e-06
2014,51,-5.32184328351702e-07
2014,52,9.313225746154785e-07
2015,1,-1.064368656703404e-06
2015,2,-6.652304104396276e-07
2015,3,-1.3304608208792551e-06
2015,4,3.193105970110212e-06
2015,5,1.3304608208792551e-06
2015,6,-1.330460820879255e-07
2015,7,7.98276492527553e-07
2015,8,0.5090848115601898
2015,9,1.3304608208792551e-06
2015,10,-1.3304608208792551e-06
2015,11,0.0005512309253664011
2015,12,0.05754471329369948
2015,13,7.98276492527553e-07
2015,14,-1.7295990671430315e-06
2015,15,-3.991382462637765e-07
2015,16,-1.1974147387913296e-06
2015,17,0.0
2015,18,0.0010013468283459727
2015,19,0.0030570441768282696
2015,20,0.07845881747497288
2015,21,0.001036256252972405
2015,22,0.06171437283805092
2015,23,0.3709300773633765
2015,24,0.27710837510444825
2015,25,0.525790107970999
2015,26,0.6641541189866565
2015,27,0.6667592383006163
2015,28,1.7249129203738711
2015,29,1.029480979276031
2015,30,2.3251188368090774
2015,31,4.661300555711853
2015,32,4.445123090583801
2015,33,1.991260978848415
2015,34,7.588218892912809
2015,35,2.2651943889327555
2015,36,2.6291249959465817
2015,37,0.33598915349346503
2015,38,4.852827682736375
2015,39,0.7046412158393343
2015,40,0.3209263576488753
2015,41,0.22122477715774339
2015,42,0.003565266205553413
2015,43,0.027492114886604135
2015,44,1.3304608208792551e-06
2015,45,2.2617833954947334e-06
2015,46,-1.862645149230957e-06
2015,47,-5.32184328351702e-07
2015,48,1.7295990671430315e-06
2015,49,-1.4635069029671804e-06
2015,50,7.98276492527553e-07
2015,51,1.9956912313188824e-06
2015,52,-1.6298145055770874e-06
2016,1,-1.1974147387913296e-06
2016,2,3.725290298461914e-06
2016,3,-4.390520708901542e-06
2016,4,0.006057690819702073
2016,5,-6.652304104396276e-07
2016,6,7.98276492527553e-07
2016,7,0.0034097236648836806
2016,8,-1.330460820879255e-07
2016,9,1.3304608208792551e-06
2016,10,0.0006115684906641665
2016,11,0.8431883636199174
2016,12,0.03425025831637246
2016,13,-3.991382462637765e-07
2016,14,0.15175479107109283
2016,15,0.440722518136028
2016,16,0.01729153012646754
2016,17,0.0023393305882176943
2016,18,0.0006067788317089993
2016,19,0.01418390743116992
2016,20,0.35397996215667754
2016,21,0.20967589873344392
2016,22,0.07865535688205985
2016,23,0.6858693893279918
2016,24,1.617762806328161
2016,25,0.2872456019198079
2016,26,0.7211109366557363
2016,27,0.28924139118508263
2016,28,1.0466062181388815
2016,29,8.02490520139312
2016,30,0.8681050914906893
2016,31,1.5446645018637637
2016,32,7.844243231311178
2016,33,3.0645452472462957
2016,34,5.222201727816183
2016,35,2.0136203252731417
2016,36,0.7360742140309232
2016,37,2.530398963014593
2016,38,0.5398891880211988
2016,39,1.1464135329190082
2016,40,0.021239793987800053
2016,41,0.019676929671214705
2016,42,0.029012007652816574
2016,43,1.9956912313188824e-06
2016,44,1.4635069029671804e-06
2016,45,5.32184328351702e-07
2016,46,-5.32184328351702e-07
2016,47,1.4635069029671804e-06
2016,48,-1.3304608208792551e-06
2016,49,1.330460820879255e-07
2016,50,-9.313225746154785e-07
2016,51,3.991382462637765e-07
2016,52,4.13921144273546e-07
2017,1,-1.064368656703404e-06
2017,2,-7.98276492527553e-07
2017,3,-5.32184328351702e-07
2017,4,1.7295990671430315e-06
2017,5,2.66092164175851e-07
2017,6,-1.330460820879255e-07
2017,7,-6.652304104396276e-07
2017,8,-9.313225746154785e-07
2017,9,-7.98276492527553e-07
2017,10,-1.064368656703404e-06
2017,11,-2.2617833954947334e-06
2017,12,-7.98276492527553e-07
2017,13,1.4635069029671804e-06
2017,14,0.021311932973993333
2017,15,-6.652304104396276e-07
2017,16,-3.991382462637765e-07
2017,17,0.008311110985159548
2017,18,0.015008394001868753
2017,19,0.107213373956525
2017,20,0.9728450267423993
2017,21,0.0878907810140372
2017,22,0.8020686233103431
2017,23,0.8611608305969367
2017,24,1.400502144188657
2017,25,1.412997972266863
2017,26,1.701647833568561
2017,27,1.3399897796804445
2017,28,3.071220780729798
2017,29,3.3683376480127243
2017,30,0.2947045084005017
2017,31,2.017742485032041
2017,32,3.392038161966731
2017,33,1.9942695989196462
2017,34,12.35896506507817
2017,35,7.3100042653113535
2017,36,0.4104873828384508
2017,37,1.3421882331408683
2017,38,0.9390013782601578
2017,39,0.04797547420762245
2017,40,0.43105114867588795
2017,41,0.0007912880720052536
2017,42,-1.4635069029671804e-06
2017,43,2.66092164175851e-07
2017,44,-3.991382462637765e-07
2017,45,-9.313225746154785e-07
2017,46,-1.3304608208792551e-06
2017,47,-3.991382462637765e-07
2017,48,1.330460820879255e-07
2017,49,5.987073693956648e-07
2017,50,1.1974147387913296e-06
2017,51,-6.652304104396276e-07
2017,52,2.561137080192566e-06
2018,1,-2.66092164175851e-07
2018,2,-9.313225746154785e-07
2018,3,-2.66092164175851e-07
2018,4,-1.4635069029671804e-06
2018,5,-3.459198134286063e-06
2018,6,0.0
2018,7,-1.596552985055106e-06
2018,8,0.07258087191217255
2018,9,1.7295990671430315e-06
2018,10,-2.66092164175851e-07
2018,11,9.313225746154785e-07
2018,12,0.0
2018,13,3.991382462637765e-07
2018,14,-1.4635069029671804e-06
2018,15,5.32184328351702e-07
2018,16,2.66092164175851e-07
2018,17,2.265284608181211e-05
2018,18,-1.1974147387913296e-06
2018,19,0.0005059999257400823
2018,20,0.2931728282182446
2018,21,0.04608401407798079
2018,22,0.4583872285179019
2018,23,0.16450506394593542
2018,24,0.3646818458809881
2018,25,1.0158881442364602
2018,26,0.8469300559327423
2018,27,0.3722483049471292
2018,28,0.34709878144482215
2018,29,3.2083712270796108
2018,30,0.7219641285021758
2018,31,3.4206978215796204
2018,32,5.426121512684676
2018,33,6.5520194202736235
2018,34,2.1287925765478506
2018,35,3.0786162779145885
2018,36,3.139871134093601
2018,37,1.5154698732913567
2018,38,0.40575764597134395
2018,39,0.3598904736657476
2018,40,0.44433911445370944
2018,41,0.597171620804265
2018,42,0.024975195788500548
2018,43,0.01917633094957909
2018,44,0.15439278210389581
2018,45,-1.4635069029671804e-06
2018,46,6.652304104396276e-07
2018,47,1.330460820879255e-07
2018,48,9.313225746154785e-07
2018,49,-2.2617833954947334e-06
2018,50,-6.652304104396276e-07
2018,51,0.0
2018,52,-1.0477378964424133e-06
2019,1,1.330460820879255e-07
2019,2,1.064368656703404e-06
2019,3,-2.6609216417585102e-06
2019,4,-7.98276492527553e-07
2019,5,-5.32184328351702e-07
2019,6,3.991382462637765e-07
2019,7,-2.5278755596705845e-06
2019,8,6.652304104396276e-07
2019,9,-2.2617833954947334e-06
2019,10,2.66092164175851e-07
2019,11,1.064368656703404e-06
2019,12,1.596552985055106e-06
2019,13,0.0007652180423413755
2019,14,-1.330460820879255e-07
2019,15,-2.128737313406808e-06
2019,16,-1.3304608208792551e-06
2019,17,0.0695533826387018
2019,18,0.009902881313684877
2019,19,0.15069101762054574
2019,20,0.637224987429338
2019,21,0.3925911956151609
2019,22,0.3045891413936647
2019,23,0.9399421167627603
2019,24,0.3360248005068995
2019,25,0.29358110229547735
2019,26,1.0349778575183182
2019,27,2.7939063172442005
2019,28,0.6878361932205089
2019,29,0.890799886768771
2019,30,1.0685998162156602
2019,31,0.6412681108130541
2019,32,3.456461311021545
2019,33,5.806237795299151
2019,34,8.795205984535386
2019,35,5.97707286738513
2019,36,0.6196221598146232
2019,37,0.7347184674520238
2019,38,0.18771246010274242
2019,39,0.03211302939512979
2019,40,0.37097965453501497
2019,41,2.07770773604102
2019,42,0.12746717510067923
2019,43,0.03931767781052651
2019,44,0.044185124375019494
2019,45,0.0
2019,46,-1.3304608208792551e-06
2019,47,-5.32184328351702e-07
2019,48,-2.66092164175851e-07
2019,49,-2.394829477582659e-06
2019,50,-1.7295990671430315e-06
2019,51,2.66092164175851e-07
2019,52,-1.1641532182693481e-06
2020,1,-1.4635069029671804e-06
2020,2,1.4635069029671804e-06
2020,3,-2.128737313406808e-06
2020,4,-7.98276492527553e-07
2020,5,-5.32184328351702e-07
2020,6,0.0004823060524194669
2020,7,2.66092164175851e-07
2020,8,-1.4635069029671804e-06
2020,9,-1.3304608208792551e-06
2020,10,-9.313225746154785e-07
2020,11,5.32184328351702e-07
2020,12,0.05037543179471896
2020,13,-1.1974147387913296e-06
2020,14,-2.394829477582659e-06
2020,15,0.07398408326439374
2020,16,0.0007313566473791036
2020,17,3.810253059654833e-05
2020,18,0.09144881838246428
2020,19,0.006404453258317226
2020,20,0.05831247788473474
2020,21,0.003564699009098215
2020,22,0.041304989472815315
2020,23,0.5350019152563318
2020,24,0.16152899815026303
2020,25,0.4773048968766265
2020,26,0.44623804150293894
2020,27,0.3821727677358141
2020,28,1.7069938352196137
2020,29,2.459541983192874
2020,30,3.9604162776324547
2020,31,8.741148156965856
2020,32,5.61747821117927
2020,33,0.4281268938255489
2020,34,3.1648047716545884
2020,35,4.648130954264246
2020,36,1.5113444037193953
2020,37,0.05327476734729606
2020,38,1.170947860674301
2020,39,0.2569597083748429
2020,40,0.2670247005041972
2020,41,1.059847650465958
2020,42,0.015781660165105574
2020,43,-1.4635069029671804e-06
2020,44,-1.9956912313188824e-06
2020,45,2.7939677238464355e-06
2020,46,5.32184328351702e-07
2020,47,-1.3304608208792551e-06
2020,48,6.652304104396276e-07
2020,49,-3.991382462637765e-07
2020,50,-5.32184328351702e-07
2020,51,1.1974147387913296e-06
2020,52,2.276566293504503e-06
2021,1,-2.66092164175851e-07
2021,2,2.66092164175851e-07
2021,3,5.32184328351702e-07
2021,4,-1.4635069029671804e-06
2021,5,1.064368656703404e-06
2021,6,1.064368656703404e-06
2021,7,6.652304104396276e-07
2021,8,-6.652304104396276e-07
2021,9,3.991382462637765e-07
2021,10,9.313225746154785e-07
2021,11,3.991382462637765e-07
2021,12,5.32184328351702e-07
2021,13,-2.394829477582659e-06
2021,14,9.313225746154785e-07
2021,15,1.7295990671430315e-06
2021,16,0.020781643968775715
2021,17,0.006106245637238773
2021,18,0.08812914824201781
2021,19,0.002036709105012417
2021,20,0.01951702695367909
2021,21,0.02454069762824443
2021,22,0.0051776680133695215
2021,23,0.8472431623808704
2021,24,0.0390473351741495
2021,25,0.1785270192830779
2021,26,0.1097997734533216
2021,27,0.2980047117984079
2021,28,0.4626178044947162
2021,29,0.3482543893699949
2021,30,0.5358265535462478
2021,31,1.3782462259208323
2021,32,2.6933234114956153
2021,33,3.1781165923615116
2021,34,0.3696066072971598
2021,35,0.7768731545610177
2021,36,0.45757318956585974
2021,37,0.8500048372530372
2021,38,0.3878245723053314
2021,39,0.11344753756633566
2021,40,0.008332045902883148
2021,41,-1.4635069029671804e-06
2021,42,0.09958602880176762
2021,43,0.01212669755880692
2021,44,3.459198134286063e-06
2021,45,1.3304608208792551e-06
2021,46,-3.991382462637765e-07
2021,47,3.991382462637765e-07
2021,48,2.66092164175851e-07
2021,49,-5.32184328351702e-07
2021,50,-1.4635069029671804e-06
2021,51,3.991382462637765e-07
2021,52,1.7462298274040222e-06
2022,1,0.0
2022,2,1.1974147387913296e-06
2022,3,1.064368656703404e-06
2022,4,-6.652304104396276e-07
2022,5,-1.862645149230957e-06
2022,6,0.0
2022,7,2.66092164175851e-07
2022,8,3.991382462637765e-07
2022,9,3.991382462637765e-07
2022,10,1.862645149230957e-06
2022,11,2.2617833954947334e-06
2022,12,2.66092164175851e-07
2022,13,5.32184328351702e-07
2022,14,-6.652304104396276e-07
2022,15,0.00027207223544442946
2022,16,0.004894314870649036
2022,17,2.394829477582659e-06
2022,18,8.418315783479262e-05
2022,19,0.07257385081366485
2022,20,0.009664710153613209
2022,21,0.25956877939085626
2022,22,0.03579771029471176
2022,23,0.253376009451565
2022,24,1.3520255274043558
2022,25,0.28829314374834014
2022,26,0.3941800272591723
2022,27,0.40173260518407883
2022,28,1.0481346048470719
2022,29,1.937428711070902
2022,30,3.6687803989215655
2022,31,1.432992261192552
2022,32,1.0122846167786619
2022,33,1.8074610679034622
2022,34,2.533960970758199
2022,35,4.056823257833035
2022,36,0.7923289755345262
2022,37,0.7926205845367644
2022,38,1.3483913106503016
2022,39,0.5438640634330905
2022,40,0.13920872992740255
2022,41,0.04406512381140153
2022,42,1.596552985055106e-06
2022,43,-2.7939677238464355e-06
2022,44,-1.064368656703404e-06
2022,45,-2.66092164175851e-07
2022,46,-7.98276492527553e-07
2022,47,-2.66092164175851e-07
2022,48,-1.330460820879255e-07
2022,49,3.991382462637765e-07
2022,50,1.3304608208792551e-06
2022,51,-2.128737313406808e-06
2022,52,2.3283064365386963e-07
2023,1,2.66092164175851e-07
2023,2,-3.991382462637765e-07
2023,3,-1.596552985055106e-06
2023,4,-8.647995335715157e-07
2023,5,1.3304608208792551e-06
2023,6,-9.313225746154785e-07
2023,7,2.128737313406808e-06
2023,8,1.862645149230957e-06
2023,9,1.330460820879255e-07
2023,10,0.052443308695067414
2023,11,0.0
2023,12,-9.313225746154785e-07
2023,13,-1.7295990671430315e-06
2023,14,-3.991382462637765e-07
2023,15,-1.862645149230957e-06
2023,16,0.00879984292992974
2023,17,0.02289623404878705
2023,18,0.014613973056164525
2023,19,0.08630115809595963
2023,20,0.012642682943128957
2023,21,0.03938214447265307
2023,22,0.062467558379459893
2023,23,0.030081474075191867
2023,24,0.18656891969062908
2023,25,0.10699042606921406
2023,26,0.46995643965134326
2023,27,0.19072170572397446
2023,28,0.5861178091855578
2023,29,1.2312120358858787
2023,30,0.9153654803533603
2023,31,0.3113422033967518
2023,32,3.857719994390525
2023,33,3.344102949370868
2023,34,3.1715613243667207
2023,35,3.0943429013504122
2023,36,0.8192768619211402
2023,37,0.9302946675876912
2023,38,0.2688905947788025
2023,39,0.19406081693139582
2023,40,0.3781681693623548
2023,41,0.03978000360921506
2023,42,0.0006766490320812742
2023,43,-1.330460820879255e-07
2023,44,-5.32184328351702e-07
2023,45,-7.98276492527553e-07
2023,46,-3.459198134286063e-06
2023,47,-5.32184328351702e-07
2023,48,-5.32184328351702e-07
2023,49,-1.330460820879255e-07
2023,50,1.596552985055106e-06
2023,51,-1.330460820879255e-07
2023,52,-1.3969838619232178e-06
